tweet	label	ID
Loku u navela Ku tissunga tissungue	negative	
Aha Auxeni ti nguavani	negative	
Hahahahaha ih tipo arrombaram o nhoster	negative	
Hiiiii ni livrarih	negative	
oh hosi yanga	negative	
Eeeeh a nsati lwei a banana maj	negative	
Mu nga ni landzi Na loya	negative	
A ta ti nhela	negative	
Wa ni Danissa	negative	
U gama u Kuma 2 valores	negative	
Ihhhhhhhhhhh A chirami ka lomuu	negative	
ento ungah ni trapalhari wena pah	negative	
Hahahah swa nsila s	negative	
Famba ni ma Range ya wena	negative	
A xilungu xakarata	negative	
Famba ti gumula hi parede	negative	
U bihile demais lokhu ulangunta hansi a xikwembo swo kubha I mazwidji	negative	
Yuh Mam A ni ku lavi mina	negative	
I tinholuene a xwi Dari	negative	
Wa hlanha lweyi	negative	
KI est a criar um Vuku Vuku grande sabe	negative	
Messi Wa Nhine	negative	
hosi yanga	negative	
Uta ni dhlaya	negative	
Xitomb xa wuako	negative	
Ih ni livrari yu	negative	
Ho hi danissa wena wananga	negative	
Wuaa swa ma SUPERA PATRICK ani tendere	negative	
Hi tafa hi ndlala	negative	
Namuntlha nada baiye a xirhame ci demanji	negative	
Suka xtapora Niti dlela male ya Mina  Toh ta falar Noh ti dlela male yah Mina	negative	
Hambi uku nh  um dia uta sunguna ku phuza na mesma	negative	
Swi mbeni Mas vale u mielaaaaaaaa	negative	
Famba uya ti fassa	negative	
Pimissa nhana u tsika madururo	negative	
Barcelona  Loko ni file mungane rilane	negative	
Swa yentxeka no t nada nice	negative	
Hahahahaha hadjakufa lweyi  provocar overdose isso	negative	
Swimbenhane wa dja ku ni hembissa ja	negative	
Aha swa mbangue Tsala swi mbeni Hloko ya pao	negative	
Nawene tem que o tsika madururo u pimissa nhana	negative	
Ova na vuntswaka lowa nhloko	negative	
Yuh V djula ku ih hlongola ka tiku ledzi Ih dhlawileh	negative	
U ku um dois u mu ba ka xifuva a fa Inah Swa djuleka	negative	
Hosi yanga	negative	
Wali wa Dula	negative	
Unga hi nhenhentsi wena	negative	
A nguenile matilwene	negative	
Ikhali mina ni zunga waku djokuni tolovela  sg	negative	
Vha ta dlaya	negative	
Swa kharata mpela Khambi Funtsi a ih swi tsiki	negative	
U la kuta ka mina Ungati na usiku U zama zama kuni phazamisa  U la ku nivuyisela a gono ni meticali	negative	
A xizame da kwapa mesmo	negative	
Mas Khasi a u teke nsati hi maka muni	negative	
Famba ti kundza invejosa	negative	
Ceh Ina ka I para hi ku yini	negative	
Ka hissa kola missavene	negative	
Hi maka Ruy	negative	
Swimbenhane vata hi rhivalela mas ava futseke	negative	
Uku ni dzo	negative	
Hi ku pfinha va hi sola	negative	
why uni lembrara lexwu  wena wa kazata	negative	
Va khu ndzaveta u va khuma la	negative	
Ani madururu npfana lweyi	negative	
A xwi chegui ka	negative	
Yu  tindzava  Tsika mbangui mpfana e nita ku desprogramara	negative	
Himpela wo nhimela nkama wa ko u fika yena a poronto ni mu fundile bem mas wa karhata nhana	negative	
famba u ya ti gunha hi parede	negative	
Swa mbangue ni ma cigarri	negative	
U tsama u ui vona a mbongolo yi nga xidjana  Ih leyi Lani	negative	
Tili luweme nase A Mulungu otisunga	negative	
Unga ni lhanhele mina	negative	
A xizame xo kwapa hi	negative	
Hi Ta Hambana Hi Ma Central	negative	
Afinal fere a vista  Ni dzivaleli a ni nga swi tivi	negative	
Uta kuma timaka hi maka ma brincadeira	negative	
Wena uni ntxumo uxi mahaka ni guele ingui u bom pra puto puto mas haaaaa	negative	
Wenna  hu ta ni txanissa ih voz man	negative	
Va mu tlelile pah  tlelaaa	negative	
Misava yi Bihile ihhhh	negative	
Tiva Hini hi khu fassa	negative	
Hi dlawile	negative	
Kasse mamana ya wena ii herioa	negative	
Himakha mune lesho Em Moz seria ku ba mpama mina durante	negative	
U La Ku Nitxintxa My Baby U La Ku Nitxintxa My Baby	negative	
Nitaku panhula hi xinwui xa tiro	negative	
Unga ni lheki	negative	
Mina ningue fambi hi lane	negative	
A xizami ehhh	negative	
Na Unitiva tem Opium	negative	
Wa nsila lweyii  Damnnnnnnn	negative	
Senhora atirha hospital privado lani a humaka kona vatwa hiyena vana vayena angava pfumeli vatlanga na vana vanwani	negative	
U ta swi vona	negative	
Pfutseka Para ti que ttaste	negative	
Heee  ha ni wa lewso mina	negative	
Wa Vizinhouuu Nikonbela Ko Loyiwaaaa	negative	
Nitaku panhula ih xinwe xa tiro	negative	
Nako male ya mu phuntissa	negative	
Depois saem hi matalane Vha buya vhata yih hlupa	negative	
Swi mbeni e m vagwi ya m like	negative	
Vamos demostrar solidariedade masculina A XI pfutseki	negative	
Manhokonhoko tsem   SWA ti mbangue ni ma cigarri leswoooo Lol Just jkn	negative	
Vataku yivissa mova mamanou owooooooh Wa tlanga wena Keep tlanguing uta dzila	negative	
Unga lhai lava v lhayaka swaku kuni ma gerador nem a v kutive Albasine cola ka maputsu ambi bobole loko kungana placa ava ku tive ja v tiva ma gerador ya tiko hewenou hambe male kona ma gerador a mana gasolina pru falta ya oramento	negative	
A vhula vhula ngopfu problema	negative	
A biwile hi xoque Mano Mone txiii	negative	
nitaku panhula hi xikwe xa tiro l	negative	
Hambi honi nhenha kassi wani nhenha wayi uni nhenha  Mavelevele Hustler	negative	
Haaaaaaaaaaaa wa hemba	negative	
Xitombo xa zaida	negative	
ya pokehh o xpantuu l0lzz	negative	
Aweh A tihlu	negative	
Xa gwirha Hiiiii a XI vojani	negative	
Ahu xitwi xizami pap	negative	
Conforme Muswivonaka va timile maguezi khanimambo EDM	negative	
Hi honili ini j	negative	
Colisena  Awe Xitombo xa mwako uly istrato xanhine wako lexy	negative	
Cada porcaria Hosi yanga	negative	
Edjoo Fria ta kwapar	negative	
A u tivi ntxumu	negative	
Para depois anga nandzike leswo swa ma foto hum	negative	
Fui dar uma chance a sushi swani luma ndzene	negative	
Himina muyivi WA botija	negative	
Manter estrada que estamos a pagar munga hilhupi	negative	
Ka hissa lah Kah maputso	negative	
Marido aps ter pedido ch h uma hora ser que ni ta kweva a chana namutla Esposa u ta kweva boy alis boss Marido hi mani boy Esposa ni phazamile hi wena boss Assim estamos na esquadra	negative	
Ku gama ku humelela Mabandido	negative	
Swi tivissi swi biya kkkk	negative	
WA loya	negative	
porras ya swi t gama hi merda	negative	
Bom rapper A gama ku biwa	negative	
X lava kunha s Mara WA XI lumbeta	negative	
Fotos do IDAI tsika ku hi hembela	negative	
Ku biya kwaku	negative	
Nem  WOW kasi a ni ya kwini	negative	
Matximba yaku ingui swa mahala	negative	
Wa biwa wene	negative	
he Ningoss ani voni ku biha loku hiya hala ka Twitter na whtspp mara ka facebook swibihini Niri KhombomuniMozambique	negative	
hiiiiiiii wa ni xicha	negative	
Hawena hinga ni tsika pah	negative	
epa a swi dare	negative	
Utwa mbangui wena	negative	
Ina ku jika jika ntsena	negative	
Ni ta ku ronha gotwana	negative	
ni khome buti	negative	
sister lowi hikuya himina angatekiwange end ana vana vanarho va papa vo habana end angangeni kereka nabiya wa phuza	negative	
A vavasati ya tswira a tibi bem hi nhloko	negative	
rixile vha haxi leswi ningakaswona namuntlha swivhavha ngopfo  aswihambananga no bhukela a T V yokala yinga vulavuli ka xiphemu lexo sungula nita muvhona kola ka twiter	negative	
Tivha yini hi paixao wenaa	negative	
Oh Ok x niku txiketile	negative	
wa gwira weni pa	negative	
Va xisati hi kotala avana sapoti wansati hambi loko ari president u tsaka hi kuxaveliwa vatlela vadiziwa niri la moz	negative	
EDM djoh Wa hi danissa	negative	
Wa famba o duwuliwa	negative	
famba txuta hahaha	negative	
minga valavuli hi  mbilu ya mina ya vava vahaxi	negative	
Ihhhhh ih ih ih um perigoso awenaaaaaa	negative	
Wena awu ni tendere nkata 8	negative	
Fissekane ni Barcelona yenu  HallaMadid	negative	
Wa Loya wene  hi tsiki	negative	
sangula ku switwa ti vutisa ku va ngave va endle yin xakahle namuthla	negative	
Niva vonili lavaka mhani ku va xongile swinene ndlela ya Xai Xai na yona ya penga na leswa maphorisa loko swiku yimisa swo tirha ro no problem the problem is coca cola	negative	
Aweennn Ka hissah nem haku sebaa doze	negative	
Ih piki sixti i dii nirmil Ftsekeee Maluuuuco	negative	
Nada a swi twsisiseke	negative	
Tsek wena satan	negative	
Wa yitiva  wena kumbe hota mbangui loko yi nhiwe himbutina we	negative	
YeahFamba a la mierda	negative	
Dadinhaz around tha world hani tsikka ka maputo afamba a tshama london	negative	
A mbangui mu dzahaka Yowe yowe	negative	
ni caralile boy	negative	
xitombo xa ngwako	negative	
Uwani me chamou de marandza ih	negative	
Futseka wena Famba ti ginha hi xpinhosa	negative	
Ni ta rendera	negative	
Aah futsek wena	negative	
Xitombo xa nhomphi	negative	
Xitombo xa wanku	negative	
A va vassati va loya	negative	
Futseka wena eh	negative	
Amitxino ya barhule yifambisana nitisimu ta yenaiswo rhuketela hikwaswo	negative	
Wa hlanya wena Kea bona	negative	
admitam mu vha yive nwine	negative	
Fisseke wena pah	negative	
SabedoriaLocal Leswi munga ka swona swi fana ni kuya rhinga Nyanga kumbe ya tirha TI VONELE NGOZI MADALA nDota DlvioMachava	negative	
Wa hi hemba mane	negative	
Maputo ka hisa sorry la	negative	
hahahah u ta rendera	negative	
Essa noite  Swa hila	negative	
Loku u gwuira ni ta ku tsika	negative	
loku u dlhawa hi precoce	negative	
Aaaaassh wena mani	negative	
RT  Obama ce u dakwile 8	negative	
Niku zw tititi a ni ngueni mina	negative	
lolgtgt shii manooslowly wa biwa	negative	
Sono U kwini	negative	
Ya mas iiiih nada	negative	
Mhunti ya mona  Sowetoem Casa Chokwe	negative	
Va Tsike bai	negative	
utah ni dlaya salubri 1	negative	
Va delela Ntlha	negative	
Kasi swa vava ku tsikiwa   Cidade De Chokwe	negative	
UNI TXOVA YINI	negative	
high dj himi kuma kahle hirila Mozambique ka KHUBU hi 920  I ADOLFO MIMBIRE KA KHUBU	negative	
hi nga ribali futhi na mhaka leya Ku dlaya vanhu va ti albino	negative	
Swa vavissa vakithi ho ondza na vo kuluka	negative	
Topic i vona hiku na loku mihlangana anipfuxeliwi niblockiwa ka ti social ntwrk	negative	
Acula ai  aquilo ali Mawaku  wa hi danissa juro	negative	
Grdio paaahpastorpastor dza ku hini a hi sizi mani	negative	
HHW boti unga vileli Xikwembu xita hlayisa sesi vana mbilo ya sathana	negative	
MMA IH PRIGOZO MANJI	negative	
U tadla biloko	negative	
Munganu leswi swa lhanhelana bha  upimissa swaku o miss universo loku upfuka yuuu uli hansi	negative	
Futsek wena eh	negative	
AHAHAHAHAHAHA waHidanissaa Nsia D Doh ih Xixa hahahahhaha	negative	
A loko niko hi matilho lo bindzaminengue wo tiya	negative	
HAHAHAHA FUTSEKA WENA	negative	
Utafa u siya ulombe himaka tinhama	negative	
Loku ungali wa mina swa yaswa ussussa mbilo ya mina	negative	
Fvck U Pha	negative	
Eish vo ni kama ca chapa	negative	
HAHAHAHAHA yu yu yu yu wa hi danissa	negative	
Tsika ku hanha hutomi dza vamwanhane	negative	
Xtombo xa ngwako oskhan test us pap dont play like that	negative	
ho va nhenhentsa	negative	
Angihambi nawe wathi ngimubi wena	negative	
HHW Sesi famba uya vonana na papa face to face uhlamusela mhaka ya wena papa va rhelela moya	negative	
Famba Ti Nhela Nilza  eh eh eh	negative	
Ali exageram ih	negative	
Ubhema ama drugs wena	negative	
Uni endla yini hivu nanga mani nile xokwe 810dstv	negative	
Wa pupuruka wena	negative	
Hunga kwati vavito  Ni dzivalele	negative	
Nikombela ku etlhela	negative	
F U pah	negative	
mu randza xwa Mahala	negative	
mina vhahaxi nipfukile ni ndlhua ni teka amungano wamina hitaya ntirweni nimukeme iwa hayo lelheeeeeeeatwa axirhami katitimela la magude	negative	
Auditoria wa matximba	negative	
namina aniswi tivi swaku president mbalula di endle yini	negative	
Famba ti kundza	negative	
Na mina nile ku yingiseleni ka nongonoko lowu wo xonga swonghasi nirila Mozambique ka Khubu njhe	negative	
Ubakka Va ta zwa ku vava	negative	
A loko wa nuna a baleca wa nsati nambe hele bonita Xicona xicona lexi xi balequisaca lueyi wa papa	negative	
Wena u txela mate	negative	
Hahaha ka dlala	negative	
Kalhe kalhe loko mahari kona nwina akutlelekiaku humekiaku fambekiaku tirheki aku endleki ntxumu loko nwina mahari la yotsama hi yingisela muze mufamba	negative	
heeee wenna ni tsiki	negative	
U kundzekiwile bai	negative	
Eh eh eh Ni livrari	negative	
Ntaku Greeka wena	negative	
se buti Brian nwana wa hale ka hina u kahle ngopfu ka ku khenya xi Portuguese	negative	
Edj  Aloko niku amp ni biwa hi Zululuane	negative	
Famba te kundza PAH Hahahahahahahahah	negative	
rixile he skhokho mina niku kuma hi app yinwani hambi leswi yi pfaku yi tsema tsema nina nwina nirila Mozambique ka NcaiNcai hi ntirho	negative	
A nuna wa wena i malandro	negative	
Fambane mi te kundza nwine ok  Estudos swa kho vha hambi ka kehele dza mani	negative	
Nheeee ni tsike	negative	
deve nikuh loya XA loya	negative	
uh dzah ih mbangue Mr Virgil	negative	
Swa fana hi tafa	negative	
Wa biwa lwei	negative	
Uni Txova Yini gt  Moneycomio HipHopMoz	negative	
hahahahahaha faxavor ya  dont	negative	
Khasi u djulaa niku hini mamanee	negative	
kassi wa tsonana	negative	
Agana tigana lweyi wa mamane a tiya aya kuma nhimbou agama a swi teka a swivanani a swi peta DERENAJII	negative	
Mas ni yetxi yini  Unga ni loyissi	negative	
Hahahahah Futseka Wena	negative	
Topic uvona hiku loku hi hlangana anipfuxeliwi and ni bockiwa ka ti social ntwrk	negative	
muhaxi mbilo yamina ya vava hi Chiefseshh niri KhombomuniMozambique	negative	
hahahahhahahahahhaa txoka wena	negative	
ni nga dlawi	negative	
Timaka ku famba ngofo  hi nhimile kola Maracuene  Maracuene	negative	
Utd wa biwaa	negative	
Swi dja kufembiwa	negative	
unga ni singuite ni mumu l	negative	
ni livrari Txau	negative	
Mom Dii faz coisa xx Eu busy cota Mom futseka Nkila waku o humi uxi nampfa lexi ja wa yala I love her	negative	
Bwakakaka ni tsike	negative	
Uhum  evita ya	negative	
wa biwa weneD	negative	
ni kazalile phelassi	negative	
mwine mu t biwa j Ma ni lhekissa	negative	
Morning swa mbangue	negative	
pfuxa 1 Rafael Ndlhovu ka Mavodze 2 Antoni Nyathi la Pitori 3 Cuvuka Valoyi ka Xisungele I ADOLFO KHOSA LA MOZ KA KHUBU	neutral	
U womu sau	neutral	
Nina nwinaAhi fambeni hita fika le ka hour 1200 mutxayeri ifambisa kahle nongonoko Mina ni tsame la back seat la a Gwambeland intukulo wa Gwambe na Dzavale xihluke xa Ngungunyane	neutral	
Ih KD Hawena	neutral	
ja wena Stella	neutral	
lo gaaaaaaa ni kume vanwani vantswa	neutral	
Gingirikani swiya hiko tembisana ka vona e ku sunguleni	neutral	
Aloku niku im         Ya ba buluko	neutral	
sala kata ha to	neutral	
U ta Djikimela dzi mu tsika	neutral	
Loco vku nhika nikombela uni tlhamuxela bai namina ni djula fswolefswo	neutral	
wasvivona svosvi kopfukiwa Hikhanga hi svihlaya lesvi khaaale	neutral	
eka  Teka famba Big	neutral	
Kutta ka bacha	neutral	
Help ka nhai mukomana	neutral	
Ni Teka ni famba ou no d ko hala	neutral	
obuti wa hao yena a reng	neutral	
A xitilo xa bobi hi xi	neutral	
Vatlanga ha lona	neutral	
Kea tshosetsa mara o ke wena	neutral	
swilo swa kona hi voice ya Connizer	neutral	
ku famba yin la Africa do sul	neutral	
Yena a ya kwine	neutral	
Wasvitiva a kutsala hixitsangana	neutral	
Akuna Xitombooo swaku thlanga ni Mboloooo	neutral	
Vhondwa djow Xibhehe wa xi Tiva	neutral	
Wa txintxa	neutral	
Conforme Me Swi Vhonaka Isto Requer Uma Conxienxia e Idade Elevada	neutral	
Kuna Xukela la ka mina kuna Xukelakuna Xukela l ka mina kuna Xukela	neutral	
Vata i kuma ximuxueneee vaku Magumba haleenooo	neutral	
Awena aku Duumm amamela asvitwisisisa kahle ntiyiso linene	neutral	
Na mukha ni ya Kaya	neutral	
Conforme mo swi vonaka	neutral	
Conforme mu swi vonaka	neutral	
Bwakakaka hi lhevana muito mal	neutral	
Va yi kwine a vangana va wena   Vila olimpica do Zimpeto	neutral	
Niku vonile na nifamba hi movha ani jahile niku vone ka nkuna ka palmeri	neutral	
A Vasati laku Tawas	neutral	
Mi svi vonaka	neutral	
ani nhlaya leswi ni swi vonaku	neutral	
A LOKO NIKU HIIIN	neutral	
Lano a moya wa paraia inkwawu hu fambela kolomo ento s podi u ti lunguissela bavou xi ta Teka xi tereto	neutral	
A macena m loukizzzy muzaia	neutral	
No mu txuvukissa lwehi wa papai	neutral	
Varikufanirwa Ku adviser ani	neutral	
Unga andlhali l BAZARA mintxumu ya caia	neutral	
Todos escutamos mina ningu fambi yi l	neutral	
Refiller Boy hosi yamo ganga	neutral	
pdi ni xava Ndjaku kalhula a mintxumo	neutral	
Va makwerhu a mungoyothaya em TomanineGuij Gaza Moambique	neutral	
Iii telivisor ya wena ya LEGO	neutral	
Maji angana xi baciana lweiyo	neutral	
Mina ni pimisa ku tasi O desesperadoCliente	neutral	
U S  AQORMV  Ndlavela	neutral	
kasi Mina se nilo onha yini Ti tweets ta Mina amihlayi vahaxi	neutral	
kasse u txava hinni	neutral	
vata rin Ka wena	neutral	
Ni dzinginika na nsati wamina nthabiseng mashaba ka xokwe nwana mina inocente mathonsi na conny mathonsi ka xokwe	neutral	
Le wena wa ba zoza	neutral	
Phula minegue ni diwa at ku huma ndzilo	neutral	
Swa yantswa uti twisa hiku Loku uta famba vata sala vati busa  Cidade De Chokwe	neutral	
Ahi tivaneni Mina ni leonildo wali chokwe wena ke   Chokw	neutral	
wa kala babu	neutral	
Raha pfurha ka nsati wamina nthabiseng mashaba ka xokwe	neutral	
Oww ok ih	neutral	
Ya ya ya  magoanine	neutral	
Ka khulu lako swaswameta lo gaaaaa hi xikosi	neutral	
mindzumba nina wena mais vehlo kuna moya nyana namuntla	neutral	
Ku lhamba vavakulo	neutral	
Topic akuna ku hambana vahaxi na hlonge yinwani ntsena i respecthi bula navona ive hi share navona ka ti social	neutral	
wakutiva amagude dj  akaya kaya ka mina	neutral	
Xa ku txukatxukanhana mas a Keheleeeee	neutral	
conforme mo swi vonaka	neutral	
taku endlela naha faka tinambara ta wena ka whatsapp leya xiputukezi	neutral	
Rixile he skhokho niku kuma kahle nirila ka ka Ncai Ncai e Mozambique I ADOLFO MIMBIRE LA MOZ KA KHUBU	neutral	
hiri ni nghena	neutral	
Hi ta ya ka wutomi	neutral	
Sesi lindiva niku yingisela kusuka dorobeni ra chokwe Mozambique kaya mbuya wayi tiva dstv kumbi wotwa	neutral	
minjane vahaxi vhantokoto mina nipfukile nonyimela ankama waphaphama wu hela nita kota a kuya ntirwene hikuva akutireke loko kahana nwina vhahaxi	neutral	
Swili leswi u tivaka nguiza Hina ku lava hi nyombela	neutral	
Ali mina ni	neutral	
Ni tsundzuka Vicente sambo a putfontein police station  ka xingange nsati wamina nthabiseng mashaba ka xokwe	neutral	
Ba Teka teka teka hi mani Mulato Ba Teka Teka Teka Hi mani Mulungo Ba Teka Teka Teka Hi mani Mbanyanga XilhaulaMani	neutral	
A xitiloo xa boby hiii nchine	neutral	
Conforme Mi Swi Vonaka	neutral	
Ahahahahaha ih ya ya ya	neutral	
wena kumele uhambiswe	neutral	
Uh stivissa ku ine leswu	neutral	
makwenu wa wena	neutral	
Mozambique is burning tag Nghena mintirho wa vulavula  Chicualacuala District	neutral	
tavuya vahaxi mahaka matorokisi ni muyingisile niri kola akaya AMAGUDE MOZAMBIQUE	neutral	
Mabermuda matilhoxa wula wula	neutral	
He  Kombela ntirhu ta replace rendani ndou ani maphepha hungu yari iya Ka pirates	neutral	
Estrela we U randza mane ku mina na yena	neutral	
nimu yingisela nile ka xokwe Mozambique 810dstv	neutral	
Uyaphi ku 2020 nendoda	neutral	
Mara dj wa marhandza mavhavha	neutral	
Wa switiva papa	neutral	
Streaming  live ni ri kwala Maputo Bondia  amp	neutral	
pandzela ntsandza wa majaha Nwana I tiva hi Mutswari Baji ra makhelwani wari ambala ritlhela	neutral	
Ih Rihanna djon	neutral	
Xitiloo xa djanine xitilo xa bobixine ahh yowee 8	neutral	
Ningene na nwina eka 2020 nili kwala Mozambique ka Macia hi xohondzo lexi 920	neutral	
Wa vurisa mfowethu	neutral	
niku khoma nile xokwe 810dstv	neutral	
Teka Famba ou Gina	neutral	
ya xigadzana ehh	neutral	
li fana ni nhwungue vow ngo gzula lani mussavene	neutral	
Xanga xa malembe Xita vamba Xita buya	neutral	
Acha tariqa hai RT lene ka	neutral	
Vo hi fridjela Wenou vo hi komba fswaku a ndlela ya sathana ya tika ka hissa ala ansi j wena langa kumbe u lava kuhissa loko ou kumbe pradise	neutral	
15 to 326Twhii ni mikuma kahle nirila Mozambique ka KHUBU Adolfo Corsa LweyitagXMA14	neutral	
Mi nga koloti munhu xanchumu loko ku nga ri ku rhandzana hikuva loyi a rhandzaka munhukulobye u wu hetisisile nawu  Varhoma 138	neutral	
Niku sw tititi	neutral	
wandilahla hla wena shm	neutral	
He mfoo wa xitwa xipapilani xa kokwani Dala	neutral	
Swiyimbeleri ahi yeni  miva byela ku hina hi tiva ndlelasenya retla patela  Mozambique	neutral	
Namina ihm swa gamba Ja na via	neutral	
Nidzumba nanwina ka mungana	neutral	
Ehhh yeweni lawa ku dog style	neutral	
Nasty C ih	neutral	
Famba moyeni bafanas	neutral	
xilo ndla yin ni kayerini	neutral	
loko yi dyiwa jaaa	neutral	
Hai wena mun	neutral	
Niku khoma nile xokwe Mozambique	neutral	
Mina noh Famba	neutral	
bona kuri wendle yini munu waxikwembu	neutral	
Kaya ka vo vovo Nkanyini wa mgilo  Magude	neutral	
Round 2 ya  nili kwala a Mozambique seni fikile a Maputo	neutral	
Na vadwa ani sida a nina nuna nita feva ku kundza ka hissa ka titimela hissa ndzeni handle tilhanpfe	neutral	
Kama Bill Gates angekua ni nchi basi angekua ni nchi ya 37 kwa utajiri duniani ElimikaWikiendi	neutral	
Lol tavuya ka mana Thembi hahahaha aku tleleki meu irmao	neutral	
Namuvona buti tlhoye lowo yingana wona loko yifika a jone yi hembela a swi ntombana yiku papa yona i mulungo i nwana mama loyi mhani wayona angadji dinner yingase vuya akaya ari aswielhe ningase vona boy boy wamina yirandza a music wa sjava	neutral	
mara dj unjani wena hiiii	neutral	
Swi txiki leswo Os dois se txendam aqui	neutral	
Hayi ta humesa ta humesa ta humesa ta humesa Masupa	positive	
wena na mina	positive	
Hahahaha Wena pa	positive	
I luh ya papi	positive	
Ni pfhukile Ho ini kupfhuka	positive	
Swa yantswa niva mbuya nita Kuma ma regalias	positive	
Ni bom by Noh Dja djuala ntse	positive	
comekiee  Ni speed cumbi sfwayantswa	positive	
Twana a marhito ya ntiyiso	positive	
Niku yingiseli niri ka xokwe Mozambique  mindzumba	positive	
Swa hini A ukanho dza bom	positive	
AWENAAAAH U mukulu	positive	
Karingana wa karinganaJos Craveirinha	positive	
Swi helile swa ma pank finish	positive	
Hi Nkomu Mo hini hi ku pfuka	positive	
Na hina hi gud  nambi yi txonille hi rait	positive	
Swa banana pah Mas passamos na mesma	positive	
Munhu wa mina ku saseka	positive	
swivula kurhi xithembiso xa vona axika hetisekanga hikuva a xihlangi hixona xi tiyisaka a varadzane aka rixaka hambi kurhi mungangeni akurhi adam siolhe la chibuto mozambique	positive	
Teka Famba Papu	positive	
Wena unga zuzumeli ni dzweli kumbe ni ta xava kwini a ma xiluva ntsem	positive	
mina nipfukile mara anisya helo naha yimela axikongelo xa bava MALEYANE nitatua ku ku djiwa yini atihelene	positive	
A vavasati va ma mecha ugue v heti wena	positive	
Xikwembo Xanga Haleluia Hi Cussa Hina J Ya Buya	positive	
Famba kerekene nhanyana ndizwena	positive	
Swi swi swi swi swi swi swi swi       j namoras	positive	
Malem ya ku tala	positive	
AUXENE Moh ini ku pfuka	positive	
Wa swi tivela	positive	
Nwana Makhuvele Mukonwana wa Khosa Ntukulu wa Manyike Feliz dia do pai Mhunti ya mona	positive	
Nina wena kola xokwe Mozambique  nilo geeee 810dstv  53yrs	positive	
Hi pfukile Wa Matimba wahi londzovota	positive	
Ukanga umakuma lawa ya RAYMOND Atakuvavisa madala	positive	
Loko u va kuma va tlanga tlanga nawenawe Loko u va kuma va tirha tirha nawenawe Loku u va kuma va phusa U nga kalavalewi hi vanghano mani	positive	
Namina one day vata ni posta va beka mbilu	positive	
A ku xonga	positive	
Xi chonguile pah	positive	
u tsika mova kaya namunthla	positive	
Alberto Machavele  Rungulamp3  Rungula a maxaka manga kule	positive	
Siku dza mundzuku adzitiviwi hi munhu s swayampsa utidondzela weeena ROSALINAAAA Oua Rosalina de Keyce no SoundCloud	positive	
epah Yah afinal acontece la  dzukuta para aqui dzukuta para ali	positive	
S vha ni vitile Niya ti dakwela Nitsama hansi ni da nhama Ni tlhela ni phuza ni va nhenhentsa	positive	
Wena no ku Randza hi ku pimissa	positive	
Auxeni mho wine ku phuka	positive	
Tem ni dondza primeiro para ni khanela	positive	
Hinkhomo mo yini hi ku pfuka	positive	
Wena a ni ngue ku hi hloko Ni ngo ku yentxa nkatanga Ni ku phamela liradzu Siku ni Siku	positive	
Dzi Xile Na voz de Kanye West	positive	
Madala lweyi namufeva wativa stereka	positive	
Nikubula Rosinha wa mina	positive	
Auxeni hoyini Ku pfuka	positive	
Ya mapfilwa  assim mesmo	positive	
A gwala a dri yelhi namuntlha noh sindrissa	positive	
A mbilo yanga cho ba	positive	
Ku saseka naku faneriwa swa wena keep it up	positive	
i ckali nitlanga hi tinamba	positive	
Outros  YABA BULUKU  Outras  LA KAMINA KUNA TXUKELA  Eu  NOLAVHA KU PHUZA NIFAMBA	positive	
WENE U XIMATE XA BOENE	positive	
Hosi xikwembo xanga mamba yanga mamba yanga hi yamukeli	positive	
ku laveca Mali a ku laveke ntizo laku sasseka	positive	
Ya ba buluku Tsokaaaa	positive	
i fanela hiku rhandza kereke naku faya miti ya vanhu	positive	
Nwana Mutxangane i mutxangane em Praia do Bilene	positive	
A matapa na marandza na marandza	positive	
LwandleXiluva ingoma ya ku saseka	positive	
Messi  xipoko a taku dhlaya iku bela bem	positive	
Rixile vayakelany Tasmani kurhula a sonto	positive	
A I landzi ti dhlela	positive	
Ina mas wa ma navela	positive	
Nita txintxa brada	positive	
A mathapa na ma randza	positive	
Ni vhona bem	positive	
Ani gwenti hi ngoma ya luwei wah nwanhana	positive	
Auxeni Va Jessica ni Va Jessico	positive	
Kassi hi wena Lolita	positive	
Hi va khale ka mungangu lowo	positive	
Hini ya tsutsuma bai heeee Malembe ni Malembe ka mugango lowo	positive	
Loku u khaya nkakau tlanga hii posio	positive	
Edjoh a gaju yini vhoku pah	positive	
PhaphamanaMunghana  na xipano xa phaphama inkomu swinene ahitireni hita hola male yosaseka Siku ra kahle na kava engiserhi IxiGwambana eGwambeland	positive	
A lirandzu la patima	positive	
U ta mu vona lu lala nyana 2x Ku vi a d ti nga txayi	positive	
Ni lavha ku hanha na yena Mina ningue fambi hi lane	positive	
swi nga va njhn loko mo xavisa paper ra far post every week Hita sapota nwana mhani	positive	
U zandza swilu	positive	
Hi ta humula guwa	positive	
Makwezu niko kombelela ka Xikwembu a minkateko ni hinkwafswo fi ku fanelaka ti male ma gudi laifi ni mintirho yo tala parabenja	positive	
Mom of kids Mamana wa vanana	positive	
Ndlela yi rhandza mehe	positive	
Joyous Celebration  Hi Hanya Mahala	positive	
hina hi hanya mahala ka jesu	positive	
A gwala hi phuzile	positive	
Siku dza namuhla dzi kathekil	positive	
Wa hemba Heineken e txilar aqui	positive	
Damn Na nadzika yaay	positive	
DesafiodeDezDias siku dza wu Muni	positive	
Hiya Tlhava Mavacina Hooo ka Docodela	positive	
A Mavele ya ku tsamisseka	positive	
valeu meu cota a niku hi yessu hi kakunene	positive	
Hlula mine U hlula tingonyamo U ta teka tiko I dzaco	positive	
Ohhh hosy yanga dzi xurisse hi moya waku dzi tiya dlhelene yaku  Saudades	positive	
A xitombo xa nandzika	positive	
ALOKU NIKU IM         YA BA BULUKO	positive	
Buya u teka ma kona hi stock	positive	
Ungalaxlhi davhuku wawena davhuku wa wena hivhutomi Bom dia  Javanhane Guij Gaza	positive	
Se Yaba Buluku Leyi	positive	
A swilo swa matilo swi lava ku hiteka	positive	
Ni humile	positive	
Na Wena ti twissi A u hi voni Hina hi puzah m dswala na hidla ti nyama hita dzudza switresse Discover Happy by Mr Bow on Deezer	positive	
Hina matxangana vah hi tiva hiku tsaka	positive	
Ni lava male s	positive	
A xitimela xi ni siyile muzaia	positive	
Mu xava kwini a nyama ya homu	positive	
Ah wa wassate waku shonga hungh wa whettii wena	positive	
A wasati vomu taratara jurooo A wasati vomu ghenissa salo a shongaaa  vovo dele	positive	
Nisuka xokwe sweswi tani bazara ka xingangi agora	positive	
Swo yini ku phfuka	positive	
Teka Famba o Txova	positive	
Ni bom bay	positive	
Ni li hinkwaxu ta xona Hi mintizo ya Xikwembu	positive	
HistoricEndtimeRevival Celebrando o Senhor MIKULUNGUANA KA YESU ALILILILILILILILILI ALILILILILILILILILI ALILILILILILILILILI ALILILILILILILILILI	positive	
Nikensa Yesu	positive	
Wa swi tivela	positive	
Jeremias Nguenha  La Famba Bixa Abilio Mandlaze  Juro Sinceramente Abilio Mandlaze  Ulava ni ti sunga	positive	
Ku phuza bem 2M Flow	positive	
If phfukil Ah ih se vona swa ku kazata Mwina k	positive	
ni yingisele niri kola Mocambique ka chokwe thwii	positive	
YABA BULUKU A FAZER HISTRIA	positive	
MINGAS  Alirandzo MINGAS  Mamana ANIANO TAMELE  papai se hi fikile	positive	
Naminau kata na fhinavela acufamba ni ti tsaguela cubo uia xplanada	positive	
txuvuka leswi lani	positive	
Danar tsova levanta a saia	positive	
Gabriel Shyne feat Killua  Lirandzo la Mina na wena	positive	
Mamana uyosala etse a tlhumala panghalato	positive	
Hello sisi Ni kombela round	positive	
And u tah swi kota	positive	
U ya kwini	positive	
Ku ta faciwa swa bom	positive	
Happy birthday Mo G  Aku Huma ni humaka quarentena wena para Nita dlaya   morelife	positive	
Hi mbilo leyi yitsovekeke hibuyisa xikandarinha lexi angahisiyela madala wahina Calane da Silva RIPhitakombekisa lesvaku xahahisa Minana munganu wamina wantloyi  hitaxitlatleka Kutane ntlangu lowu wuvuya hi kurula Akutlangiwi	positive	
Parceiroa Novas msicas 01HOSI HI PFUNI  02NINA XILONDZA MBILWINI 03HOSI XIKWEMBO  WhatsApp 258866753098	positive	
PhaphamanaMunghana Community weeeeeeeeeee Avuxeni vanhu vamisava Woza friday hlayisekani miyingiseri phaphamanamunghanalonene Ahitireni hita hola male yosaseka ixiGwambana kusuka la a Gwambeland vana va Gwambe na Dzavale	positive	
A quiet place 2 Here Hina ya famba	positive	
Kulo sala ku ni tlela kanwe before ni vuyela joni	positive	
Kuni guala la Kuni va fana la Rupi Kaur	positive	
kwini wa swe tivah nah weneh swakuh ni strong	positive	
WA SWI TIVA BRODI	positive	
Ni pfhukile Akuna swa ku kazata Ho yini kupfhuka	positive	
Wena pah  no thleka lano	positive	
Pfa khenseka pfoleswo Namini ni bom a Xikwembo x dzi hlayisa	positive	
nimi ingisele niri ka Chokwe Gaza Mozambique via	positive	
Hewe thlanga u hluela	positive	
Avelino Mondlane  Ndjombo Ya Lirandzo	positive	
Xikwembu ni nyike matimba	positive	
swiswi ni vona Gavin a hindzela mahlweni	positive	
na khensa bra ya Mina	positive	
Niku yingiseli nile xokwe Mozambique sesi thembzana	positive	
Bom domingo Hosi yi katekisa wena na njangu wa wena Mhunti ya mona  Sowetoem Casa Chokwe	positive	
U bom mana tt ni yingiseli wena kola ka xokwe Mozambique	positive	
dzipelile u kone fanhana	positive	
Dzixile ohine ku pfuka	positive	
Hipfukile ingo wena	positive	
Male ya Machangana D	positive	
kambe ira mani risimu leri hi sungulaka awara ya 7 naaaaaa Rini tsakisa ngopfu vakaxi va mina Rixile	positive	
Dzi xile va makwezo	positive	
John Legend  Mina Na Wena	positive	
December ni tirhisi leswo tala ntaswi vona January  Cidade De Chokwe	positive	
Auxene Moine ku pfuka	positive	
Kota Yasser ya ya	positive	
Moya wa ku Xwenga	positive	
La ka mina ku dyiwa ti coconut   Maputo Mozambique	positive	
Hi pfhukile A va tsongwana va thlanga Khanimambo Ho yini kupfhuka	positive	
Hi pfuki bem a whana wa tlhangua akuna ku karata whina ke	positive	
Wa swi tivaaaaa	positive	
A Nina male minoooo noh tivha ku kina blazes voice	positive	
Loku u hi wona hiku ta hi yena hi yena Yehova hi yena A loku u hi wona na hili so hi yena hi yena Yehova hi yena Oh hi yena Yehova hi yena hi yena	positive	
Na hanha Aswina ku kazata A vatsonguana wo thlanga	positive	
U saize wa mbedo wa mina	positive	
rixile vahaxi va mina nimi kuma kahle nirila Moz ka Khubu la Obrigado	positive	
Timale Timale hi da ni mabitch	positive	
Ni pfhukile A va tsongwana va thlanga Khanimambo	positive	
Nkatangouu hinga tsama niku gwela swaku akuna munwane lwei ani tsakuisaka a mbilwini	positive	
Wa bomba Mchangani Ni bombisa ku kuma  Vodacom	positive	
mina se lindivarrr mina aita navhela aku teka giyane nitsakisa hi xibelane niri kola a magude	positive	
Ni pfhukile Khanimambo Wene ke	positive	
Ni bom Ho yini	positive	
Thnx God mozambique shutdown tag Nghenana khensa ku tlakuriwa vanhu va mozambique  Moamba Maputo Mozambique	positive	
Ni kola Ka xingange vani khome bom MAs  and Ku tlangeliwa birthday	positive	
Utamukuma ka Sapatero	positive	
Mmm Swa homb Ni pfhukile Khanimambo	positive	
Vanhu va mali ku khola   Ressano Boarder	positive	
na mina nimi kuma kahle nirila Moz ka Khubu	positive	
Malome  u ndjane	positive	
niku 10 ma garrafa	positive	
nile guija ni tlangela birthday ya mina	positive	
Ni bha ma fato ni ma Air Force	positive	
Ho yini ku pfuka	positive	
Mine ni waku ehhh Mbilo yilava weneee ahhh My bae youre so sweet baby My bae youre so fine Loko niku vona ku tsatsa tsa ninyetxela weneee	positive	
ni pfukile va haxi nho kufumetanhana amuphungo nita kufumetanhana anhokana nitaya atirwene	positive	
Kanimambo Chikwembo xa Mathimba	positive	
Ya disko funk	positive	
A hombe Khanimambo Ho yini	positive	
esh na mina se ni mikuma kahle  niri KhombomuniMozambiqueDankiiiii	positive	
yuwiiii AMARGOU ih mine lwe yaaaa	positive	
Mina nawena Wena namina LovarNice utatwa kunandzika 4	positive	
swa kahle swi komba rirhandzu ra ntiyiso	positive	
Mina ni sati wanga Jay   Maputo Mozambique	positive	
Alirandzo hi mintxumo xa lissima Kutlula a timaka xatimale	positive	
Na hanya Aswina ku kazata	positive	
Leswi uswi tivaka hi mina iswi tsongo eka leswi ninga hi xi swona U thnk Im an Artist n im more dan dat U thnk im a Government worker n im more dan dat U thnk im comedian n im more dan	positive	
Nambe mina Ni pfhuki kwatse Khanimambo	positive	
Ku njhani  ni nghena kola chokwe	positive	
dzixilela wena mufoto ho ini hi ku pfuka	positive	
Id sing Hita famba moyeni nkathanga	positive	
Matshonela Yakoh mana mina Mabarri Yakoh mana mina Mas a mpfhana wa nheketo lweyi anga guentanga ih wene	positive	
Ma sweet lady ma talil Ma sweet lady ma talil Mina ni be dji utomi Ni funga kufa niku hanhana I will always love you Ma talil	positive	
Jimmy Dludlu  Mu Tumbelelwana	positive	
nina wena kola xokwe Mozambique	positive	
Np  puto Jr  male ya pepa	positive	
Ni yingiseli wena sesi khensi nile xokwe Mozambique	positive	
Ni pfhukile Ho yini kupfhuka	positive	
H yini hosi ya ma rima	positive	
nipfukile vhahaxi niya atirweni ni ndlhula nixava amapawa dj iwamativa	positive	
Wena wa xitiva	positive	
ALOKU NIKU IM         YABA BLACKFRIDAY	positive	
Ximixweni Madanbveni ni Usiku SikuNiSiku	positive	
Auxene ka Gaza	positive	
dezember time   Ku ta fiwa	positive	
Blake me paga hahahahahahahahahahahahaha ih	positive	
keep voning Na ku xuvha	positive	
KING WA FRICA	positive	
Na hanya Akuna swa ku kazata A va tsongwana va thlanga	positive	
Ni bom manji wena kueh	positive	
Nkhosi Dlamini Wena WeKunene Thank you Cuz	positive	
swinene ngopfu ni vuya matreno hina jogo mndzuku	positive	
Nimu yingiseli nile chokwe Mozambique vahaxi vamina va qualidade zwimbiri2	positive	
Tsemba Jehova Wene nwana wa Xikwembu   QuartaDeQuotes	positive	
Nikola Ka xingangi Ka nwina	positive	
U ta famba maTilweni	positive	
Utomi Nzanga Za Ku Tsakissa PretoDeMoz Enjoying The Life em Maputo Mozambique	positive	
Mina nawena wena namina LovarNice utatwa kunandzika	positive	
Tana u ta dya	positive	
Re tsogile re ra wena	positive	
A nhama Ni dileh A Guala Ni puzileh A male Ni Tekileh Tsatsara tsara	positive	
Ni lava ku Susa Tosa	positive	
Na hanya Ni khensile	positive	
Sumo LOUMAR  A ku titimeta nkolo	positive	
Nina wena kola xokwe Mozambique  uni endla yini mara 810dstv	positive	
Akusaka ka ndlama kopitira ku Collerboxparty ndani ameneyo	positive	
Banani M Voko Assistam In Loko 8ou80EP	positive	
pvtunga ni viajari wena txela nhama lanu	positive	
Ayo buya anikhoma aku teka nuku nhica	positive	
leswi ni swi vhonaka mine	positive	
Wansati wa ku xonga ku tlhula wene Animutive minoo	positive	
Aleluia xikwembo xa matimba tlhatteka vhoko dzaku ku Hina vana wakhu hi kombela a matimba yaku	positive	
wow na khensa sesi mhana rivaldo vani khome kahle hi siku ra mina	positive	
Muhaxi lwiya ho hatlisela ngopfu loko a haxa hi wini wakona left or right	positive	
he uncle miri I birthday ya nwina namutlha	positive	
wa khala pah	positive	
a xa Lissima Ih Ku Ti Beka Hansi	positive	
Auxeneeee Tek hoyineee ku phukaaa	positive	
Siku ni Siku	positive	
niku yingiseli nile xokwe Mozambique nilo gaaaa 810dstv	positive	
swa kahle leswo	positive	
ni khensile nd ntava nayena mundzuku	positive	
Hi ta kunhemela le titxini ikussa ya ku randza na Hina h kuxuva makhero	positive	
Wayi vona manica ya nyuwani	positive	
Usho wena neh	positive	
a swa lissima ih kuh tibekah hansi	positive	
HHW Sesi byela va malume se vona vata hlamusela papa ku wa kuna dzovolo wa yena	positive	
Ahiii Loloza male ya Manhembana D	positive	
Niku yingiseli nile xokwe Mozambique nilo geee kola hansi ka nsinya wa nkanyi 810dstv	positive	
Tseka tseka uta ni kuma hi ndlhela	positive	
Definetly GOATS Alexandre Langa  Rosa Maria Pedro Langa  Mamba ya Malepfu Hortencio Langa  Lirandzu	positive	
MIta kateka loko va mi hlekula nwina va nge mi bihili miri vana va xikwembu tsakani hiswiswo hikuva hakelo yanwina mi tayikuma ematilweni	positive	
Nihinguisela munghana lonene FM ranitsakissa ni lani Maputo  Zimpeto	positive	
Dzixile Na Mi Lossa Va Yakelani	positive	
Ni bom ni yetlelile bem anhanti wena hummmm loop	positive	
A makhessemussi nkata ni ma lua de mel hitada xikamwe ungatxavi nkata hikussa sse hi txadile	positive	
kannimambo ni tsak swi nene	positive	
Auxene va makwezu	positive	
Dzixileeeeee mo hine ku phuka	positive	
Khanimambo  Hi yini kupfhuka	positive	
Mina a ni tsama ka twitter timaka xkola  Mine Ani Tsame  Himaka   thanks	positive	
Hile ku tlangeni na vanwan  Praia do Bilene	positive	
Ya no Xipamanine	positive	
Yehova Hi Murussi Wa Mina   Marracuene	positive	
Teka famba bro	positive	
HHW dont give up man zama ku mutsunduxa chomi ya wena uku nikombela uni tlhelisela mali ya mina	positive	
Ni Pfhuni Ku Tsova Tsova Tsova  GOLD	positive	
A lirandzo ih mensa ni behula Vhata tshemelela inkwafswo fswaku biya	positive	
Xiluvaxangaaaa Mina ni langui wene Top top top  bow	positive	
Moya wanga u ndzunissa Hosi A moya wanga Hosi Hosi Hosi Aku ndunissa	positive	
Nitafa na wena murandziwa Te amo Te amo Nitafa na wena murandziwa Te amo Te amo Vibes	positive	
mara buti Sydney Xikwembu ximu nikile ku hlamusela swilo swi nandzika wativa ingi ova kwale	positive	
Hita khandziya ti bus ta ANC hi mbali swi khipa SWA DA hiya votela EFF  On the Beach Bilene Mozambique	positive	
Dzixile ho yine ku pfuka	positive	
Ni yingiseli  kola Ka doroba laka CHOKWE   810 dstv niyo gee na vovo flora mathonsi	positive	
Uh tah ssala va uhlolo	positive	
Auxene Mo yini ku pfuka Acredita	positive	
Ni cizi weni unga buyi ni taku	positive	
ok a chikwembo cha swi vona	positive	
Vungani ka story ko timve	positive	
ni bom Wena ke	positive	
I nkarhi wa malamula	positive	
ku hava paito unwani handle ka mina	positive	
mi nga rivali ku happy birthday Eka mina	positive	
ene swi valavula ntiyiso	positive	
A Pandza wa kho	positive	
Ni xisela Wena Njovo	positive	
Ni rungula my love nthabiseng mashaba ka xokwe  ka xingange niheta hi sivari Vicente sambo a putfontein	positive	
Ni pfukile kwatsi	positive	
Mamana wa bebe	positive	
Mawakomuito nice ih	positive	
Rirandu ari danisi loku wanuna akari akuranda naloku wansati aku randa aswisangi swi danisa	positive	
Mina nile ntirhweni la Mozambique ka Khubu	positive	
Ina marha ya mina yi famba mahlweni hiti cup masiku lawa	positive	
Ya Maning ya Maning ya Maning	positive	
HHW zama kuti hlanganisa na yena chomi ya wena face to face unwi tsunduxa hi xikweleti dont give up	positive	
Kkkklk ni kombela uni sendela ka whatsup	positive	
U tah yi phuza impala	positive	
Buya lenu niku dondzissa	positive	
Pooora gramo mng de Mathapa pah foooodaz Patsa Ni ma hanti	positive	
loko dj  momu siya yexe sikurinwe lani ka  vangarikona  na  na buti  anga swihaxa hkwaswo loyi wa dj atlhela abala nitilhoko mhaka ta mahungo	positive	
mita phaka draw Ku tava lucky	positive	
awuxeni va haxi va mina va nduma mina nipfukile nho dja mpungu ni lava akuya dsundzisa aritiwa ramina nihlaula amudji watimali	positive	
Nifile ih wena	positive	
A ku khala  Ama saudade	positive	
Auxeni Madala U bom	positive	
Na hanya Ho yini	positive	
Ni pfhukile Khanimambo	positive	
ih fswona ndwena A ciku para vhaku biya dzi ta tlassa	positive	
Maningue  Khanimambo U pfhukile	positive	
Ha tsovela kola chokwe Mozambique ni khensa mufundisi	positive	
Na hanya Aswina ku kazata Khanimambo	positive	
Nami hoyozela vahaxi vamina va migingiriko na tsemba swaku muyetlhele kalhe ami bedweniloko mu suka ka  tolo	positive	
Bom tarde matxaka ya minamaputo	positive	
Ni sungulekile khale mfana	positive	
Ka dlhiwa male	positive	
mina nitsakile swinene Gingirikani munu wa tshitsha	positive	
Ni ta pimissa	positive	
Ni huma na marhama hey  khensa nsati wa mina wani hlayisa xem	positive	
niku yingiseli nile xokwe Mozambique 810dstv	positive	
A xinkwa lexi xa le missaveni u ndzuluti we Tatana hakukombela Lililili	positive	
A ni guenti	positive	
Ni yingiseli wena sesi khensi na cc bongi nile xokwe Mozambique 810dstv	positive	
Hewa ya Oxygen	positive	
Ni humule ha hombe muzandziwa	positive	
Auxeni inlhikanili xile ku ndjani unga ni nhenhentsi ni bihile u shonguile wa nunwa a ni pfukanga kwatsi	positive	
namunthla mu ta nitwa	positive	
mara tinsimo ta xitsonga ta tsakisa niku yingiseli nile xokwe Mozambique	positive	
Rendes Xikento ih	positive	
Mina Ni Randza Wenah X Mexe O Esqueleto DjAlvinALutaContinua	positive	
Hi pfukile anti wena v hanha kaya	positive	
Ni rungula nsati wamina nthabiseng mashaba ka xokwe nwana mina inocente mathonsi na mamani flora mathonsi ka xokwe Mozambique	positive	
Topic mina vahaxi ani hambanisi swafana na vanhu va hlonge ya mina ntsena i respect kufana na uwani	positive	
sim  Teka famba	positive	
Ku dliwa salada	positive	
loko va yi rhanza cricket na	positive	
HHW boti tshama na muti wa kokwani Sesi famba vukatini bya wena	positive	
Nghoma ya Nghena ma onha mhaka  a mosambiki va cina hinoooooo tag Nghena miva rungula  Moamba Maputo Mozambique	positive	
Hibha fotxolo khuza ku huma no lithilu	positive	
mina na wena	positive	
Mr Bow  Ni tafa na wena	positive	
Txuvuka dzanku logo uya wa kwela kuvuya ka wena hitaku yamukela	positive	
Cinderela wa mina I love u babe	positive	
Auxene Mo yini kupfuka Acredita CenasTardeAninam	positive	
Hoyini ku pfuka	positive	
ni pulukhe no undla a vana vavano	positive	
Na hanha N scrolaranhana ni hamba nkama pra niya Studio	positive	
Super sweet Sunday ka nsati wamina nthabiseng mashaba ka xokwe nwana mina inocente mamani flora mathonsi ka xokwe	positive	
i rhandza mina phela kuza xi rhandza camera hi kola ka mina	positive	
ni bom a caya kwaco khe	positive	
Ni randza nyama	positive	
Ah bro ya	positive	
wo ai ni	positive	
Unga vhoni ku gwira ni tlhela ni thakula mina khata kambe akuna munwane ane lweyi tsakisaka minouu	positive	
Teka Famba  BJardim	positive	
hi pfukili bem Doutor wena ke	positive	
Teka Famba Ya Man  Te amo	positive	
Va galhi tiMbatsana kaMarracuene	positive	
Wena wa tsoga yong	positive	
Ya va dudamel deja la vino tinto vermo	positive	
A Xikwembo A Xi Ku Katekisse	positive	
kinanda ##hihisha walawi walawi kinanda ##judia	positive	tso_train_03303
tugu ##hihisha walawi ##hihisha walawi walawi walawi ##guri	negative	tso_train_03304
yaliyote 5123 hawas 5123 ##hihisha yaliyote	positive	tso_train_03305
rein 5123 tadi 5123 yaliyote tadi spishi	negative	tso_train_03306
tadi abadili abadili	neutral	tso_train_03307
yaliyote bahasa spishi yaliyote nisije 5123 figur figur lakk	negative	tso_train_03308
##kato ##judia ##judia ##ggle	neutral	tso_train_03309
tadi 5123 tadi abadili	positive	tso_train_03310
##jabisha ##jabisha ##ggle ##hihisha hawas ##hihisha walawi hawas walawi ##ggle ##hihisha walawi walawi walawi hayato ##jabisha ##guri	positive	tso_train_03311
tadi 5123 tadi madume 5123 hawas 5123	positive	tso_train_03312
##kosoa ##judia ##guri ##hihisha ##hihisha ##hihisha ##ggle tugu tugu intest	neutral	tso_train_03313
tadi bahasa tadi spishi 5123 haga	negative	tso_train_03314
yaliyote tadi tadi 5123 tadi spishi yaliyote	positive	tso_train_03315
yaliyote chui 5123 hawas 5123 yaliyote walawi ##istic yaliyote	negative	tso_train_03316
tadi kritiese 5123 tugu ##kosoa tugu ##judia	positive	tso_train_03317
tadi 5123 tadi tadi spishi	positive	tso_train_03318
tadi bahasa madume ##hihisha ##hihisha ##ggle tugu tugu ##ggle	negative	tso_train_03319
tadi abadili abadili	positive	tso_train_03320
##kato 5123 hawas ##tuti 5123 ##bble	negative	tso_train_03321
sette abadili abadili tugu	positive	tso_train_03322
yaliyote abadili tugu abadili inatofautiana ##ич 5123 yaliyote	negative	tso_train_03323
yaliyote ##hihisha 5123 5123 hawas 5123 makabati 5123 yaliyote	positive	tso_train_03324
tadi abadili abadili	positive	tso_train_03325
yaliyote 5123 abadili abadili spishi	positive	tso_train_03326
tadi abadili abadili	positive	tso_train_03327
##dhirifu 5123 hawas 5123 walawi yaliyote	negative	tso_train_03328
tadi 5123 tadi spishi spishi	positive	tso_train_03329
##hihisha ##hihisha wanauliza ##hihisha hawas ##jabisha hawas ##ggle mswada hawas walawi outing	negative	tso_train_03330
yaliyote ##guri hawas ##jabisha ##guri ##ggle hawas ##guri ##ggle ##guri hawas ##ggle ##ggle ##ggle ##ggle ##ggle ##ggle	positive	tso_train_03331
sette tugu ##hihisha walawi 5123 tugu	negative	tso_train_03332
tadi abadili abadili	neutral	tso_train_03333
intest abadili abadili	negative	tso_train_03334
wanaopatikana tadi spishi yaliyote 5123 5123 tadi walawi spishi	negative	tso_train_03335
yaliyote 5123 hawas ##ич 5123 yaliyote	positive	tso_train_03336
tadi abadili abadili tugu	negative	tso_train_03337
sette abadili 5123 tugu	positive	tso_train_03338
gei tadi ##kosoa ##hihisha ##hihisha ##ggle ##hihisha ##ggle ##ggle ##ggle ##ggle ##ggle ##ggle ##ggle walawi ##guri	positive	tso_train_03339
tadi tadi 5123 fichi	neutral	tso_train_03340
tugu bahasa tadi 5123	positive	tso_train_03341
tadi abadili abadili tugu	positive	tso_train_03342
yaliyote ##tuti ##jabisha ##ggle ##tuti walawi ##ggle ##ggle ##ggle ##ggle ##ggle ##ggle ##ggle ##ggle ##ggle ##ggle ##ggle ##ggle ##ggle kinanda kinanda outing	neutral	tso_train_03343
beber bahasa yaliyote abadili abadili tugu	positive	tso_train_03344
tadi abadili abadili	neutral	tso_train_03345
tadi 5123 tadi abadili	negative	tso_train_03346
tadi 5123 tadi spishi ##hihisha walawi walawi ##hihisha ##guri	positive	tso_train_03347
beber bahasa hawas 5123 hawas spishi	neutral	tso_train_03348
beber bahasa unaeza unaeza walawi 5123 tugu tugu 5123 ##ggle walawi walawi ##ggle	positive	tso_train_03349
tadi figur figur ##wia ##hihisha ##hihisha ##guri	negative	tso_train_03350
bahasa hajaa tugu tugu	positive	tso_train_03351
yaliyote 5123 abadili abadili	negative	tso_train_03352
beber bahasa consiste bahasa yaliyote spishi hawas nisije tugu ##hihisha 5123 tugu madume reef	positive	tso_train_03353
yaliyote fichi consiste 5123 tugu tugu tugu	positive	tso_train_03354
tadi ##hihisha ##hihisha ##judia	negative	tso_train_03355
tadi abadili abadili	positive	tso_train_03356
yaliyote 5123 ##judia ##judia ##judia ##ggle	negative	tso_train_03357
beber unaeza nisije nisije unaeza unaeza unaeza nisije nisije ##jabisha walawi walawi walawi tisho ##jabisha 10weekend ##gumza walawi walawi ##ggle walawi walawi walawi walawi walawi walawi ##ggle	positive	tso_train_03358
sette abadili abadili	negative	tso_train_03359
yaliyote bahasa hawas ##hihisha hawas 5123 ##judia ##ggle hawas 5123 ##ggle walawi ##guri	negative	tso_train_03360
sette 5123 tugu ##hihisha ##hihisha ##hihisha walawi	negative	tso_train_03361
##kosoa 5123 5123	negative	tso_train_03362
tadi 5123 tadi ##kosoa hawas ##dif spishi ##guri	negative	tso_train_03363
tadi abadili abadili	positive	tso_train_03364
tadi abadili abadili	positive	tso_train_03365
wanaopatikana semit 5123 hawas nisije 5123 kinanda hawas 5123 walawi ##ggle yaliyote walawi walawi yaliyote	positive	tso_train_03366
tugu ##hihisha ##hihisha walawi tugu ##hihisha 5123 tugu	negative	tso_train_03367
tugu tugu ##hihisha 5123	negative	tso_train_03368
tadi abadili abadili	negative	tso_train_03369
intest abadili abadili	negative	tso_train_03370
yaliyote abadili abadili ##hihisha tugu yaliyote	neutral	tso_train_03371
yaliyote ##tuti 5123 ##judia ##ggle hawas 5123 walawi unaeza	positive	tso_train_03372
yaliyote chui spishi yaliyote spishi ##ggle ##hihisha walawi ##hihisha walawi ##ggle	negative	tso_train_03373
yaliyote abadili hawas ader tadi tugu	positive	tso_train_03374
yaliyote 5123 abadili abadili	negative	tso_train_03375
beber bahasa yaliyote abadili ##bble	positive	tso_train_03376
sette 5123 hawas 5123 walawi walawi walawi yaliyote	positive	tso_train_03377
tadi 5123 haga tugu	neutral	tso_train_03378
sette bahasa tadi 5123 tadi walawi spishi	negative	tso_train_03379
##guri ##guri ##ggle hawas ##hihisha ##guri ##ggle ##ggle ##ggle ##ggle kinanda ##hihisha ##ggle ##ggle ##ggle ##guri	neutral	tso_train_03380
kinanda ##hihisha ##hihisha walawi ##hihisha outing	negative	tso_train_03381
tugu ##hihisha ##hihisha ##guri ##hihisha ##ggle ##hihisha ##ggle ##ggle ##guri ##ggle ##ggle ##ggle ##ggle ##ggle ##ggle ##ggle ##ggle ##guri walawi juzuu	neutral	tso_train_03382
tadi ghang 5123 haga 5123	positive	tso_train_03383
##hihisha 5123 5123 5123 walawi unaeza	negative	tso_train_03384
##hihisha ##hihisha hawas ##hihisha walawi walawi hayato ##jabisha	positive	tso_train_03385
sette 5123 tadi ##hihisha ##hihisha tugu tugu walawi ##judia	negative	tso_train_03386
tadi 5123 tadi 5123 ##ggle yaliyote 5123 maang	negative	tso_train_03387
yaliyote abadili abadili tugu	negative	tso_train_03388
gei abadili ##hihisha tugu tugu	positive	tso_train_03389
##hihisha ##hihisha ##hihisha hawas tisho	negative	tso_train_03390
yaliyote 5123 tadi abadili	positive	tso_train_03391
yaliyote ##dhirifu 5123 5123 yaliyote	negative	tso_train_03392
yaliyote outing consiste tugu joki 5123 tadi 5123 ##hihisha ##hihisha ##hihisha ##ggle tugu tugu ##hihisha walawi juzuu	positive	tso_train_03393
tadi abadili abadili tugu	negative	tso_train_03394
kinanda ##hihisha 5123 5123 ##kosoa semit ##hihisha walawi ##judia ##ggle ##ggle ##ggle walawi walawi walawi ##ggle	neutral	tso_train_03395
tadi abadili abadili	negative	tso_train_03396
##hihisha 5123 tugu 5123	positive	tso_train_03397
##hihisha 5123 tadi ##judia ##judia	positive	tso_train_03398
semit bahasa 5123 hawas unaeza ##jabisha ##ggle semit ##hihisha semit ##ggle hawas ##guri ##ggle walawi hawas ##ggle walawi ##ggle walawi ##jabisha	negative	tso_train_03399
tadi 5123 tadi ghang 5123 ##ggle yaliyote 5123 yaliyote	negative	tso_train_03400
yaliyote tugu 5123 5123 tugu walawi newsletter walawi spishi	neutral	tso_train_03401
yaliyote traditionnel hawas 5123 tugu haga	positive	tso_train_03402
tadi 5123 tadi spishi spishi	positive	tso_train_03403
tugu joki bahasa 5123 haga	neutral	tso_train_03404
sette 5123 hawas 5123 ##hihisha yaliyote 5123 ##hihisha ##ggle hawas ##ggle walawi ##guri	positive	tso_train_03405
wanaopatikana 5123 tadi 5123 hawas 5123 yaliyote 5123 yaliyote	neutral	tso_train_03406
sette tugu tugu	negative	tso_train_03407
yaliyote 5123 ##dhirifu ##hihisha ##hihisha ##guri tugu tugu intest	negative	tso_train_03408
wanaopatikana ##athelo 5123 5123 tugu yaliyote	negative	tso_train_03409
rein rein tadi 5123 hawas 5123 yaliyote ##hihisha ##hihisha ##ggle unaeza	negative	tso_train_03410
beber bahasa ##hihisha ##hihisha ##ggle tugu tugu	neutral	tso_train_03411
##hihisha ##hihisha ##ggle ##hihisha ##ggle ##ggle ##ggle ##ggle ##guri ##guri ##ggle ##ggle kinanda	positive	tso_train_03412
##guri 5123 ##guri walawi ##judia ##hihisha walawi ##hihisha walawi ##hihisha walawi walawi ##ggle walawi walawi ##jabisha	negative	tso_train_03413
wanaopatikana tadi ##hihisha ##hihisha walawi ##judia tisho	neutral	tso_train_03414
tadi 5123 abadili abadili spishi	negative	tso_train_03415
tadi tadi ##hihisha ##hihisha yaahi	positive	tso_train_03416
intest tugu abadili	negative	tso_train_03417
yaliyote chui ##judia hawas ##jabisha ##ggle ##hihisha hawas ##ggle mswada hawas kinanda ##bble	negative	tso_train_03418
beber remake tadi ##kosoa hawas ##jabisha ##hihisha ##ggle hawas joki tadi ##ggle ##ggle ##ggle ##ggle ##ggle ##ggle ##ggle ##ggle ##ggle ##ggle ##ggle ##ggle ##ggle ##ggle kinanda hayato ##jabisha	positive	tso_train_03419
##hihisha 5123 tugu 5123 yaliyote	positive	tso_train_03420
yaliyote semit abahanzi hawas ##jabisha yaliyote 5123 tugu 5123 sailing walawi ##istic tugu ##ggle	positive	tso_train_03421
lasix ##judia hawas 5123 hawas 5123 ##hihisha ##ggle ##judia ##ggle ##ggle walawi juzuu juzuu	neutral	tso_train_03422
beber ##hihisha 5123 tugu 5123 yaliyote	negative	tso_train_03423
yaliyote abadili abadili	positive	tso_train_03424
intest bahasa tadi spishi	positive	tso_train_03425
sette ##hihisha ##hihisha ##hihisha walawi ##judia	neutral	tso_train_03426
tadi 5123 tadi spishi spishi	neutral	tso_train_03427
##hihisha 5123 madume 5123 ##judia	negative	tso_train_03428
tadi 5123 tadi 5123 hawas spishi spishi	positive	tso_train_03429
yaliyote abadili abadili tugu	neutral	tso_train_03430
##hihisha ##hihisha ##ggle ##hihisha ##ggle mswada ##judia ##guri tugu tugu ##ggle	positive	tso_train_03431
sette 5123 haga ##hihisha ##hihisha ##hihisha walawi tugu ##bble	negative	tso_train_03432
yaliyote achukuliwe 5123 tadi inatofautiana haga	positive	tso_train_03433
##hihisha 5123 5123 ##hihisha ##ggle unaeza	positive	tso_train_03434
tadi tugu 5123 tadi spishi	negative	tso_train_03435
yaliyote abadili abadili intest tugu	positive	tso_train_03436
tadi 5123 hawas 5123 yaliyote	negative	tso_train_03437
beber theft hawas 5123 hawas 5123 hawas ##kosoa ##judia ##guri hayato ##ggle	negative	tso_train_03438
sette bahasa 5123 hawas 5123 walawi walawi yaliyote	positive	tso_train_03439
outing tisho ##tuti ##jabisha ##guri ##guri ##ggle wanavyofanya ##judia ##ggle ##guri ##ggle walawi ##ggle walawi ##ggle ##ggle walawi ##ggle walawi ##ggle walawi walawi walawi ##ggle walawi walawi walawi walawi ##ggle ##ggle walawi ##ggle ##ggle walawi walawi	positive	tso_train_03440
tadi ##hihisha ##hihisha ##hihisha ##hihisha ##ggle ##ggle ##ggle ##ggle walawi ##judia	neutral	tso_train_03441
tadi 5123 tadi ghang 5123 spishi	neutral	tso_train_03442
beber tugu tugu	negative	tso_train_03443
tadi abadili abadili	neutral	tso_train_03444
beber ##hihisha ##hihisha ##hihisha hawas hawas hawas ##ggle ##ggle ##ggle ##ggle walawi ##guri	positive	tso_train_03445
tadi ##hihisha 5123 tadi ##judia tugu	positive	tso_train_03446
##kato 5123 tugu	positive	tso_train_03447
yaliyote spishi hawas 5123 hawas ##ич yaliyote walawi ##guri	positive	tso_train_03448
##hihisha 5123 ##jabi ##hihisha hawas tugu tugu ##judia ##judia	positive	tso_train_03449
beber tadi tadi ##hihisha ##hihisha ##hihisha ##ggle tugu tugu ##hihisha ##jabisha	positive	tso_train_03450
tadi ##hihisha 5123 5123 yaliyote	neutral	tso_train_03451
wonders tugu tugu ##hihisha ##hihisha walawi walawi ##hihisha ##ggle unaeza	positive	tso_train_03452
##kosoa 5123 tugu ##judia ##judia	positive	tso_train_03453
tadi 5123 tadi ghang 5123 hawas 5123	positive	tso_train_03454
yaliyote tadi 5123 hawas tadi spishi inatofautiana ##bble	positive	tso_train_03455
tadi ##hihisha ##hihisha walawi tugu	positive	tso_train_03456
yaliyote ##hihisha ##hihisha ##ggle hawas 5123 hawas 5123 ##ggle walawi sailing ##guri	negative	tso_train_03457
yaliyote abadili abadili	neutral	tso_train_03458
sette 5123 haga 5123 hawas	positive	tso_train_03459
yaliyote bahasa semit tugu 5123 hawas 5123 tugu ##ggle tugu walawi 5123 hawas walawi walawi yaliyote yaonekana walawi ##ggle	positive	tso_train_03460
yaliyote bahasa tadi 5123 tadi spishi inatofautiana nisije ##bble	positive	tso_train_03461
yaliyote ##dhirifu tugu 5123 tugu tugu tugu	positive	tso_train_03462
tadi bahasa ##hihisha ##hihisha ##hihisha ##ggle ##hihisha ##ggle ##ggle tadi ##hihisha walawi ##judia ##ggle ##ggle ##ggle ##ggle ##ggle walawi ##guri	negative	tso_train_03463
tadi abadili abadili tugu	positive	tso_train_03464
tadi ##hihisha ##hihisha ##ggle ##ggle ##ggle ##ggle ##ggle ##ggle kinanda tugu tugu	positive	tso_train_03465
5123 tadi kutupiana abadili	positive	tso_train_03466
sette 5123 tadi abadili 5123	neutral	tso_train_03467
yaliyote 5123 tugu tugu tugu ##hihisha yaliyote	positive	tso_train_03468
yaliyote tadi hawas hawas ##hihisha ##hihisha ##hihisha ##ggle tugu hawas tugu tugu ##hihisha ##ggle	neutral	tso_train_03469
tadi 5123 5123 ##kosoa ##hihisha ##kosoa hawas hawas ##bble	positive	tso_train_03470
kinanda ##hihisha 5123 5123 ##hihisha walawi walawi kinanda walawi	negative	tso_train_03471
tadi abadili abadili	positive	tso_train_03472
##hihisha ##hihisha ##ggle hawas ##hihisha ##ggle mswada hawas nisije ##judia ##ggle ##ggle ##ggle ##ggle ##ggle ##ggle ##ggle ##ggle kinanda hayato unaeza	positive	tso_train_03473
kinanda ##hihisha walawi 5123 tugu 5123 10weekend ##judia ##tuti ##ич kinanda ##bble	positive	tso_train_03474
yaliyote juzuu ##jabisha ##jabisha ##judia ##guri ##ggle hawas ##jabisha hawas ##ggle walawi kinanda hawas kinanda sailing tugu figur ##ggle	positive	tso_train_03475
sette bahasa tadi ##hihisha ##hihisha ##hihisha ##ggle tugu ##hihisha walawi objectionable	positive	tso_train_03476
beber bahasa sette unaeza spishi hawas nisije walawi nisije nisije ##ggle walawi walawi ##ggle ##ggle ##ggle ##ggle ##ggle ##ggle ##ggle ##ggle ##ggle ##ggle ##ggle	positive	tso_train_03477
yaliyote juzuu tugu juzuu hawas juzuu ##ggle ##hihisha semit achukuliwe hawas walawi ##hihisha walawi kinanda ##ggle	positive	tso_train_03478
##godo 5123 tugu	neutral	tso_train_03479
yaliyote 5123 tadi spishi hawas 5123 walawi ##hihisha yaliyote	negative	tso_train_03480
sabu abadili tugu ##hihisha yaliyote	negative	tso_train_03481
sette tugu ##hihisha kinanda tugu	neutral	tso_train_03482
tadi abadili abadili 5123 fichi	negative	tso_train_03483
yaliyote 5123 tugu abadili abadili	neutral	tso_train_03484
yaliyote tugu abadili abadili	positive	tso_train_03485
intest bahasa yaliyote	negative	tso_train_03486
yaliyote bahasa abadili ##ич ##dew qabashada	positive	tso_train_03487
yaliyote abadili abadili tugu	neutral	tso_train_03488
yaliyote juzuu consiste 5123 ##tuti ##jabisha hawas walawi 5123 hawas walawi semit hawas semit tugu tugu ##hihisha ##ggle	positive	tso_train_03489
tadi inflam	negative	tso_train_03490
tadi 5123 abadili abadili	positive	tso_train_03491
tadi abadili abadili tugu	positive	tso_train_03492
tadi tadi tumizi 5123 tadi unaeza ##judia ##ggle ##hihisha ##ggle ##hihisha ##ggle ##ggle ##ggle ##ggle ##ggle ##ggle ##guri	negative	tso_train_03493
intest abadili abadili	positive	tso_train_03494
tadi abadili abadili	negative	tso_train_03495
##guri 5123 hawas 5123 walawi walawi hayato walawi yaliyote 5123	positive	tso_train_03496
yaliyote bahasa tadi spishi yaliyote spishi walawi ##hihisha yaliyote	neutral	tso_train_03497
yaliyote tadi 5123 tadi fichi	positive	tso_train_03498
tadi 5123 tadi ##hihisha yaliyote 5123 yaliyote	positive	tso_train_03499
tadi 5123 tugu tugu	negative	tso_train_03500
##kosoa 5123 5123	negative	tso_train_03501
intest tugu inatofautiana abadili	negative	tso_train_03502
kinanda tugu 5123 abadili ##bble	positive	tso_train_03503
tadi 5123 tadi spishi spishi	positive	tso_train_03504
wanaopatikana 5123 tadi ##hihisha yaliyote	negative	tso_train_03505
##kosoa 5123 5123	negative	tso_train_03506
tugu abadili abadili	negative	tso_train_03507
tadi tadi 5123 figur fichi	negative	tso_train_03508
yaliyote tadi spishi hawas juzuu ##ич rein ##hihisha rein ##guri	neutral	tso_train_03509
tugu ##godo tugu	positive	tso_train_03510
tadi ##hihisha ##hihisha walawi ##hihisha walawi walawi	negative	tso_train_03511
tadi 5123 abahanzi ##jabisha yaliyote	positive	tso_train_03512
tadi 5123 tadi spishi spishi	negative	tso_train_03513
tadi bahasa sette 5123	negative	tso_train_03514
yaliyote juzuu outing hawas ##jabisha hawas 5123 ##kosoa ##judia ##hihisha ##ggle hawas ##ggle walawi ##ggle walawi ##ggle walawi ##ggle walawi ##ggle walawi ##ggle walawi	negative	tso_train_03515
yaliyote 5123 hawas 5123 tadi 5123 yaliyote ##bble	neutral	tso_train_03516
sette bahasa tadi spishi spishi	negative	tso_train_03517
tadi abadili abadili	positive	tso_train_03518
beber tadi ##hihisha ##hihisha walawi ##hihisha ##ggle ##ggle ##ggle ##ggle ##ggle hawas tugu ##hihisha walawi walawi	neutral	tso_train_03519
##dhirifu 5123 hawas achukuliwe 5123 walawi ##bble	positive	tso_train_03520
tadi kritiese hawas 5123 hawas ##hihisha ##hihisha walawi ##judia tugu tugu tugu	positive	tso_train_03521
gei ##hihisha 5123 haga ##bble	positive	tso_train_03522
##guri 5123 ##guri walawi ##judia ##judia ##ggle hawas traditionnel ##judia outing	positive	tso_train_03523
##guri ##hihisha hayato ##hihisha ##guri hayato ##ggle ##ggle walawi hawas ghang hayato ##ggle	positive	tso_train_03524
tadi ##hihisha ##hihisha walawi tugu ##hihisha walawi	positive	tso_train_03525
tadi abadili abadili	negative	tso_train_03526
wanaopatikana 5123 tugu 5123 ##hihisha yaliyote	negative	tso_train_03527
yaliyote abadili abadili tugu	positive	tso_train_03528
##guri 5123 ##guri walawi tadi 5123	positive	tso_train_03529
tadi ##hihisha ##hihisha ##hihisha ##ggle ##hihisha ##ggle walawi ##judia	positive	tso_train_03530
tadi abahanzi haga 5123 ##tuti 5123 ##judia walawi ##bble	negative	tso_train_03531
tadi bahasa 5123 abadili	positive	tso_train_03532
tadi abadili abadili	negative	tso_train_03533
tadi 5123 haga	positive	tso_train_03534
##guri hawas 5123 hawas 5123 hawas 5123 hawas ##bble tugu 5123	neutral	tso_train_03535
tadi 5123 tadi ##hihisha ##hihisha ##ggle walawi tugu ##hihisha ##ggle ##ggle walawi walawi ##ggle walawi ##jabisha	positive	tso_train_03536
##hihisha 5123 5123 5123 tisho	positive	tso_train_03537
sette ##hihisha ##hihisha walawi tugu tugu	neutral	tso_train_03538
tadi 5123 haga 5123 hawas 5123	positive	tso_train_03539
##hihisha ##hihisha ##ggle ##hihisha hawas bahasa ##hihisha ##ggle ##ggle ##hihisha ##jabisha	positive	tso_train_03540
tadi inflam	neutral	tso_train_03541
yaliyote bahasa tadi 5123 tadi inatofautiana spishi	positive	tso_train_03542
yaliyote tadi tugu hawas 5123 hawas spishi	positive	tso_train_03543
mnyenyekevu ##hihisha yaliyote 5123 5123 tugu 5123 ##hihisha ##bble	negative	tso_train_03544
gei ##hihisha ##hihisha ##ggle ##hihisha hawas ##gora walawi ##guri	negative	tso_train_03545
sette tugu tugu	positive	tso_train_03546
gei bahasa tadi spishi hawas 5123 5123 ##hihisha yaliyote	positive	tso_train_03547
yaliyote semit ##tuti ##hihisha ##ggle semit 5123 tugu tugu ##ggle ##ggle ##ggle ##ggle ##ggle ##ggle ##ggle ##ggle ##ggle ##ggle ##ggle kinanda tisho	positive	tso_train_03548
tadi traditionnel haga abadili spishi spishi	positive	tso_train_03549
yaliyote bahasa yaliyote spishi 5123 tugu	positive	tso_train_03550
tadi 5123 tadi abadili	positive	tso_train_03551
yaliyote juzuu consiste 5123 hawas 5123 ##hihisha ##hihisha ##guri tugu tugu ##hihisha walawi juzuu	neutral	tso_train_03552
tadi 5123 tadi 5123 walawi spishi	neutral	tso_train_03553
##kosoa 5123 5123	positive	tso_train_03554
tadi 5123 tadi spishi spishi	neutral	tso_train_03555
wanaopatikana 5123 tugu ##hihisha ##hihisha ##hihisha outing	neutral	tso_train_03556
yaliyote juzuu juzuu juzuu juzuu ##hihisha ##hihisha ##hihisha ##ggle tugu tugu tugu	negative	tso_train_03557
sette tugu tugu	negative	tso_train_03558
tugu ##hihisha ##hihisha ##judia hawas walawi outing	negative	tso_train_03559
semit nisije hawas nisije walawi ##hihisha hawas 5123 hawas 5123 ##ggle semit ##ggle walawi ##ggle walawi ##ggle	positive	tso_train_03560
tadi ##hihisha ##hihisha walawi walawi 5123 figur figur gril	positive	tso_train_03561
tadi abadili abadili tugu	neutral	tso_train_03562
beber bahasa yaliyote abadili	positive	tso_train_03563
yaliyote bahasa 5123 tugu tugu 5123 spishi yaliyote	neutral	tso_train_03564
yaliyote bahasa tugu ##ич yaliyote	positive	tso_train_03565
##hihisha ##hihisha ##ggle ##hihisha ##ggle ##ggle ##ggle ##ggle kinanda ##hihisha ##ggle	positive	tso_train_03566
##dhirifu bahasa semit figur ##tuti ##hihisha ##hihisha ##ggle hawas achukuliwe hawas haipendezi sailing sailing ##hihisha ##ggle ##ggle	positive	tso_train_03567
wanaopatikana 5123 tugu ##hihisha 5123 ##hihisha walawi ##ggle ##ggle ##ggle ##ggle ##ggle ##ggle ##guri	positive	tso_train_03568
tadi abadili abadili	negative	tso_train_03569
tadi abadili abadili	positive	tso_train_03570
yaliyote tugu ##hihisha ##hihisha ##hihisha walawi hawas 5123 ##bble	positive	tso_train_03571
tadi abadili abadili tugu	positive	tso_train_03572
##hihisha ##hihisha ##ggle ##hihisha hayato ##hihisha walawi ##guri	positive	tso_train_03573
bahasa bahasa yaliyote 5123	positive	tso_train_03574
beber tugu ##hihisha tugu ##hihisha ##ggle tugu ##ggle ##ggle ##ggle ##ggle ##ggle maingi traditionnel walawi outing	negative	tso_train_03575
##guri ##guri ##guri ##ggle ##judia hawas hawas ##guri ##ggle ##ggle wanauliza ##jabisha ##guri ##ggle ##guri ##ggle ##guri ##ggle ##ggle walawi ##guri ##ggle ##ggle ##ggle ##ggle ##ggle ##ggle ##guri ##guri ##guri ##guri ##ggle ##ggle ##ggle ##ggle ##ggle ##ggle	negative	tso_train_03576
gei ##hihisha 5123 tugu tisho	positive	tso_train_03577
yaliyote chui bahasa yaliyote ##hihisha ##hihisha ##hihisha ##ggle ##ggle ##ggle ##ggle ##ggle ##ggle ##ggle ##ggle ##ggle ##ggle ##ggle ##ggle ##ggle ##ggle ##ggle ##ggle ##guri ##guri ##guri ##guri ##ggle ##guri chapter outing perhaps	negative	tso_train_03578
kinanda ##hihisha 5123 hawas 5123 yaliyote	positive	tso_train_03579
wanaopatikana tugu 5123 tugu	neutral	tso_train_03580
sette tadi ##hihisha ##hihisha ##hihisha walawi ##judia	negative	tso_train_03581
tadi abadili abadili	positive	tso_train_03582
tadi 5123 tadi spishi spishi	positive	tso_train_03583
wanaopatikana ##judia tugu ##hihisha ##hihisha tugu ##hihisha walawi ##ggle	positive	tso_train_03584
tadi 5123 haga	negative	tso_train_03585
##kato 5123 tugu 5123 yaliyote	negative	tso_train_03586
##guri ##guri ##hihisha ##guri ##ggle ##guri hawas ##guri ##ggle ##ggle walawi ##judia ##guri ##guri ##ggle ##ggle ##guri ##ggle ##ggle ##ggle ##ggle ##ggle ##ggle ##guri ##guri ##guri ##guri ##ggle ##ggle ##ggle ##ggle ##guri ##guri ##ggle ##ggle ##ggle ##ggle ##ggle ##ggle ##ggle ##guri ##guri ushawahi ushawahi outing	negative	tso_train_03587
##guri ##hihisha ##hihisha ##ggle ##hihisha ##ggle ##ggle ##ggle ##guri ##guri ##guri ##ggle ##ggle ##ggle kinanda	positive	tso_train_03588
tadi 5123 hawas 5123 yaliyote patakatifu	negative	tso_train_03589
yaliyote haga bahasa ##ggle 5123 tugu 5123 yaliyote ##judia	positive	tso_train_03590
sette 5123 tugu tugu	positive	tso_train_03591
yaliyote ##judia hawas ##hihisha ##hihisha walawi inatofautiana ##judia ##ggle ##hihisha ##ggle ##ggle walawi ##hihisha ##guri	positive	tso_train_03592
yaliyote 5123 tadi abadili ##ич yaliyote	positive	tso_train_03593
yaliyote bahasa tadi abadili abadili spishi	negative	tso_train_03594
sette tugu ##hihisha ##hihisha ##hihisha outing	negative	tso_train_03595
##kosoa 5123 5123	negative	tso_train_03596
unaeza unaeza nisije nisije nisije unaeza unaeza afukuzwa juzuu ##jabisha ##guri ##ggle hawas nisije ##hihisha ##guri ##guri ##guri ##ggle ##ggle ##ggle ##ggle ##ggle ##ggle ##guri tugu tisho	positive	tso_train_03597
intest tugu abadili abadili tugu	negative	tso_train_03598
tadi tadi 5123	positive	tso_train_03599
##hihisha 5123 hawas 5123 walawi walawi yaliyote	positive	tso_train_03600
tadi 5123 tugu tugu	neutral	tso_train_03601
tadi abadili ##hihisha yaliyote	neutral	tso_train_03602
tadi bahasa ##hihisha 5123 figur tugu	negative	tso_train_03603
tugu ##hihisha ##hihisha ##ggle ##hihisha ##ggle ##ggle ##ggle walawi walawi ##judia	positive	tso_train_03604
yaliyote abadili abadili ##hihisha ##hihisha tugu tugu ##kato	neutral	tso_train_03605
yaliyote ##hihisha ##hihisha tugu tugu ##hihisha walawi ##judia	positive	tso_train_03606
yaliyote 5123 5123 tugu 5123 yaliyote ##hihisha semit ##tuti 5123 hawas tugu walawi ##ggle	positive	tso_train_03607
tadi abadili 5123 tugu	negative	tso_train_03608
yaliyote tadi 5123 5123 juzuu tugu ##ич ##judia mabadi	neutral	tso_train_03609
yaliyote tadi 5123 hawas tugu 5123 kinanda walawi sailing intest tugu	positive	tso_train_03610
yaliyote 5123 tadi 5123 hawas nisije kinanda walawi madume intest intest remake	positive	tso_train_03611
tadi abadili ##hihisha tugu tugu	positive	tso_train_03612
intest tugu abadili	negative	tso_train_03613
rein tadi 5123 tadi ##hihisha ##hihisha walawi walawi ##hihisha ##kosoa tugu walawi ##ggle	neutral	tso_train_03614
yaliyote tadi 5123 hawas tugu	positive	tso_train_03615
sabu tadi 5123	neutral	tso_train_03616
##kato 5123 ##guri hayato ##hihisha hawas ##bble	negative	tso_train_03617
tadi ##hihisha ##hihisha ##ggle walawi tugu tugu ##ggle	positive	tso_train_03618
tugu tugu tugu	positive	tso_train_03619
tadi ##hihisha ##hihisha walawi tugu	positive	tso_train_03620
bahasa tadi 5123 tadi spishi spishi	negative	tso_train_03621
yaliyote bahasa tadi abadili hawas achukuliwe spishi	negative	tso_train_03622
tadi abadili abadili	positive	tso_train_03623
tadi 5123 tadi tadi tadi 5123 spishi	negative	tso_train_03624
tadi 5123 5123 tadi walawi spishi	positive	tso_train_03625
yaliyote abadili abadili tugu	positive	tso_train_03626
5123 tadi tadi tadi figur 5123	neutral	tso_train_03627
tadi 5123 abadili abadili	negative	tso_train_03628
yaliyote bahasa consiste ##guri ##jabisha ##ggle ##ggle ##ggle ##ggle ##ggle walawi hawas walawi ##ggle ##ggle ##ggle ##ggle ##ggle ##ggle ##ggle ##ggle ##ggle ##ggle ##ggle walawi ushawahi	negative	tso_train_03629
lasix abadili spishi	positive	tso_train_03630
tadi 5123 hawas 5123 yaliyote patakatifu	positive	tso_train_03631
sabu abadili abadili abahanzi tugu tugu	positive	tso_train_03632
tadi 5123 tadi abadili	positive	tso_train_03633
##dhirifu ##guri hawas ##jabisha hawas 5123 madume ##judia ##hihisha ##guri walawi ##ggle ##hihisha ##hihisha ##ggle walawi ##hihisha ##ggle walawi ##ggle walawi ##ggle walawi	neutral	tso_train_03634
yaliyote haga 5123 hawas 5123 hawas 5123 yaliyote	positive	tso_train_03635
kinanda ##hihisha ##hihisha ##ggle ##hihisha ##ggle ##ggle ##ggle ##ggle kinanda unaeza unaeza walawi juzuu	positive	tso_train_03636
tadi abadili abadili	positive	tso_train_03637
tadi tugu tugu	negative	tso_train_03638
bols 5123 tadi bahasa tadi spishi	positive	tso_train_03639
unaeza haga ##hihisha ##hihisha ##hihisha walawi ##hihisha ##ggle ##guri ##hihisha ##ggle walawi walawi walawi walawi walawi walawi ##guri	positive	tso_train_03640
tugu bahasa 5123 abadili	neutral	tso_train_03641
tadi abadili abadili	negative	tso_train_03642
tadi abadili abadili tugu	neutral	tso_train_03643
yaliyote rein rein tugu ##hihisha ##kosoa ##hihisha ##hihisha ##ggle tugu tugu ##ggle ##guri	neutral	tso_train_03644
yaliyote abadili abadili tugu	positive	tso_train_03645
yaliyote abadili abadili	neutral	tso_train_03646
intest tugu abadili	negative	tso_train_03647
yaliyote rein semit tugu hawas tadi hawas tadi tugu tugu tadi tadi ##hihisha yaliyote 5123 tugu	positive	tso_train_03648
##hihisha ##hihisha ##hihisha ##ggle ##judia ##ggle ##guri	positive	tso_train_03649
tadi tepo 5123 abahanzi haga	positive	tso_train_03650
yaliyote ##hihisha ##hihisha ##judia ##judia ##guri	positive	tso_train_03651
beber bahasa mwawe ##hihisha ##hihisha ##hihisha ##ggle tugu tugu tugu ##ggle ##ggle ##ggle walawi ##ggle ##ggle ##ggle ##ggle ##jabisha	positive	tso_train_03652
##kosoa 5123 hawas 5123 ##kosoa ##ggle walawi nisije ##jabisha	positive	tso_train_03653
yaliyote juzuu 5123 tadi ##tuti ##tuti ##bble	positive	tso_train_03654
gei 5123 tadi 5123 hawas ##hihisha yaliyote	positive	tso_train_03655
##hihisha 5123 5123 walawi mabadi	negative	tso_train_03656
tadi 5123 tadi spishi spishi spishi	negative	tso_train_03657
tadi abadili abadili	negative	tso_train_03658
tadi bahasa bahasa yaliyote abadili spishi	negative	tso_train_03659
tadi abadili abadili tugu	negative	tso_train_03660
##jabisha 5123 ##tuti ##jabisha hawas 5123 hawas spishi hawas ##jabisha ##ggle ##ggle ##ggle ##ggle ##ggle walawi ##guri outing	positive	tso_train_03661
tadi abadili abadili	negative	tso_train_03662
tadi 5123 tadi abadili	negative	tso_train_03663
yaliyote juzuu tugu tugu tugu	negative	tso_train_03664
yaliyote abadili abadili joki tugu	negative	tso_train_03665
sette tugu walawi ##hihisha yaliyote 5123 figur ##bble	positive	tso_train_03666
tadi bahasa 5123 abadili spishi	negative	tso_train_03667
##guri ##guri ##ggle hawas ##jabi ##judia ##ggle outing ##guri ##ggle walawi ##guri hawas walawi ##ggle walawi walawi walawi ##jabisha	negative	tso_train_03668
hawas 5123 5123 walawi ##hihisha ##hihisha ##hihisha ##ggle mswada ##judia	positive	tso_train_03669
yaliyote 5123 tadi inatofautiana abadili	positive	tso_train_03670
tugu abadili abadili	positive	tso_train_03671
sette ##judia ##judia ##judia ##judia ##judia ##ggle	neutral	tso_train_03672
gei ##hihisha walawi 5123 5123 kinanda ##judia	neutral	tso_train_03673
tadi ##hihisha ##hihisha tugu tugu ##hihisha ##ggle ##hihisha ##ggle ##ggle ##guri	positive	tso_train_03674
sette bahasa unaeza nisije ##hihisha 5123 tugu ##hihisha ##hihisha tugu ##hihisha walawi walawi ##hihisha ##jabisha	neutral	tso_train_03675
sette ##hihisha 5123 haga ##bble	positive	tso_train_03676
yaliyote 5123 hawas 5123 ##hihisha ##hihisha ##judia ##guri	negative	tso_train_03677
tadi abadili abadili tugu	positive	tso_train_03678
kinanda ##hihisha ##hihisha ##guri ##ggle ##ggle ##ggle ##ggle ##ggle walawi	positive	tso_train_03679
tugu abadili abadili	positive	tso_train_03680
tadi 5123 tadi inatofautiana rein spishi	negative	tso_train_03681
hawas abadili abadili tugu tugu	positive	tso_train_03682
tadi abadili abadili	neutral	tso_train_03683
tadi ##hihisha ##hihisha ##ggle hawas ##hihisha ##ggle outing	positive	tso_train_03684
unaeza spishi haga ##jabisha tugu tugu ##hihisha ##hihisha ##ggle ##ggle outing	neutral	tso_train_03685
intest tadi 5123 tadi spishi	positive	tso_train_03686
mkwaju hawas 5123 hawas 5123 ##hihisha ##hihisha walawi ##judia tugu ##ggle	positive	tso_train_03687
tadi ##hihisha 5123 fichi	negative	tso_train_03688
5123 tadi ghang haga	positive	tso_train_03689
bahasa bahasa yaliyote inatofautiana abadili	positive	tso_train_03690
yaliyote spishi hawas ##jabisha yaliyote joki ##hihisha tugu tugu ##hihisha tugu ##ggle	negative	tso_train_03691
gei abadili haga	negative	tso_train_03692
yaliyote tugu abadili abadili hawas abadili walawi yaliyote	positive	tso_train_03693
tadi 5123 tadi ghang 5123 spishi	positive	tso_train_03694
sette 5123 tadi rein rein spishi ##hihisha yaliyote	negative	tso_train_03695
tadi abadili abadili	positive	tso_train_03696
kinanda abadili ##bble	negative	tso_train_03697
tadi consiste hawas tugu 5123 tugu ##ggle ##hihisha tugu ##ggle ##ggle ##ggle ##ggle ##ggle objectionable	neutral	tso_train_03698
##kato 5123 hawas 5123 ##bble	positive	tso_train_03699
##hihisha 5123 5123 ##kosoa hawas spishi ##bble	positive	tso_train_03700
##hihisha ##hihisha ##ggle ##hihisha ##ggle ##ggle kinanda ##judia	negative	tso_train_03701
beber ##hihisha ##hihisha ##ggle hawas ##hihisha ##ggle hawas nisije 5123 tugu tugu figur tugu	positive	tso_train_03702
tadi abadili abadili	negative	tso_train_03703
tugu ##hihisha ##hihisha tugu tugu yaahi	positive	tso_train_03704
